{
  "tiool:1-a": {
    "criteria": {
      "level1": "2017-07-02 12:56:59 +0100"
    },
    "done": true
  },
  "tiool:root": {
    "criteria": {
      "startMap": "2017-07-02 12:47:53 +0100"
    },
    "done": true
  },
  "minecraft:recipes/building_blocks/quartz_stairs": {
    "criteria": {
      "has_quartz_block": "2017-07-02 16:50:16 +0100"
    },
    "done": true
  },
  "minecraft:recipes/building_blocks/quartz_slab": {
    "criteria": {
      "has_quartz_block": "2017-07-02 16:50:16 +0100"
    },
    "done": true
  },
  "minecraft:recipes/building_blocks/pillar_quartz_block": {
    "criteria": {
      "has_quartz_block": "2017-07-02 16:50:16 +0100"
    },
    "done": true
  },
  "minecraft:adventure/adventuring_time": {
    "criteria": {
      "plains": "2017-07-02 12:47:53 +0100"
    },
    "done": false
  },
  "minecraft:recipes/building_blocks/chiseled_quartz_block": {
    "criteria": {
      "has_quartz_block": "2017-07-02 16:50:16 +0100"
    },
    "done": true
  }
}