{"stat.useItem.minecraft.bow":102,"stat.useItem.minecraft.lapis_block":7,"stat.useItem.minecraft.chain_command_block":60,"stat.useItem.minecraft.quartz_block":1296,"stat.useItem.minecraft.painting":10,"stat.useItem.minecraft.repeater":197,"stat.leaveGame":102,"stat.useItem.minecraft.log2":4,"stat.useItem.minecraft.beacon":6,"stat.useItem.minecraft.bookshelf":6,"stat.craftItem.minecraft.quartz_stairs":5,"stat.useItem.minecraft.skull":6,"stat.useItem.minecraft.repeating_command_block":27,"stat.craftItem.minecraft.wool":14,"stat.useItem.minecraft.diamond_sword":3,"stat.useItem.minecraft.glowstone":111,"stat.swimOneCm":5665,"stat.drop.minecraft.skull":12,"stat.useItem.minecraft.snow":53,"stat.useItem.minecraft.concrete_powder":96,"stat.climbOneCm":76381,"stat.useItem.minecraft.planks":15,"stat.pickup.minecraft.glowstone":1,"stat.useItem.minecraft.end_rod":14,"stat.craftItem.minecraft.gold_block":3,"stat.useItem.minecraft.coal_block":116,"stat.useItem.minecraft.redstone_torch":21,"stat.useItem.minecraft.dirt":1,"stat.useItem.minecraft.water_bucket":4,"stat.useItem.minecraft.activator_rail":1,"stat.useItem.minecraft.vine":1,"stat.useItem.minecraft.detector_rail":5,"stat.useItem.minecraft.rail":68,"stat.aviateOneCm":28084,"stat.useItem.minecraft.anvil":18,"stat.flyOneCm":20428817,"stat.useItem.minecraft.ender_pearl":9,"stat.pickup.minecraft.glass_bottle":2,"stat.craftItem.minecraft.stained_glass":63,"stat.craftItem.minecraft.slime":1,"stat.drop.minecraft.tnt":64,"stat.timeSinceDeath":1609689,"stat.hopperInspected":39,"stat.useItem.minecraft.sign":142,"stat.pickup.minecraft.stained_hardened_clay":1,"stat.useItem.minecraft.wooden_slab":3,"stat.useItem.minecraft.iron_door":1,"stat.craftItem.minecraft.iron_block":27,"stat.trappedChestTriggered":14,"stat.useItem.minecraft.lever":14,"stat.useItem.minecraft.hardened_clay":1,"stat.craftItem.minecraft.red_sandstone":8,"stat.drop.minecraft.stained_glass":1,"stat.useItem.minecraft.command_block_minecart":1,"stat.talkedToVillager":3,"stat.useItem.minecraft.minecart":36,"stat.useItem.minecraft.redstone":108,"stat.useItem.minecraft.sea_lantern":88,"stat.drop.minecraft.stained_hardened_clay":1,"stat.useItem.minecraft.red_sandstone":22,"stat.useItem.minecraft.written_book":21,"stat.useItem.minecraft.dropper":6,"stat.sprintOneCm":3793294,"stat.useItem.minecraft.stained_glass":929,"stat.useItem.minecraft.fence":4,"stat.pickup.minecraft.skull":13,"stat.drop.minecraft.potion":8,"stat.useItem.minecraft.stone_slab":204,"stat.craftItem.minecraft.stained_hardened_clay":11,"stat.pickup.minecraft.potion":2,"stat.useItem.minecraft.snowball":2750,"stat.useItem.minecraft.flint_and_steel":29,"stat.useItem.minecraft.wooden_button":7,"stat.useItem.minecraft.stone_pressure_plate":21,"stat.useItem.minecraft.structure_block":21,"stat.useItem.minecraft.lingering_potion":79,"stat.useItem.minecraft.hopper":5,"stat.drop.minecraft.snowball":1,"stat.deaths":44,"stat.drop":119,"stat.playOneMinute":4139665,"stat.useItem.minecraft.ladder":88,"stat.useItem.minecraft.purpur_block":6,"stat.craftItem.minecraft.repeater":7,"stat.drop.minecraft.glass_bottle":1,"stat.diveOneCm":13264,"stat.chestOpened":54,"stat.useItem.minecraft.sticky_piston":12,"stat.craftItem.minecraft.ladder":6,"stat.craftItem.minecraft.sign":1,"stat.useItem.minecraft.stone":29,"stat.craftItem.minecraft.carpet":3,"stat.useItem.minecraft.quartz_stairs":89,"stat.killEntity.Slime":3,"stat.useItem.minecraft.tnt_minecart":9,"stat.craftItem.minecraft.quartz_block":33,"stat.useItem.minecraft.carpet":225,"stat.useItem.minecraft.potion":2,"stat.useItem.minecraft.clay":19,"stat.useItem.minecraft.stained_glass_pane":10,"stat.jump":19925,"stat.useItem.minecraft.sand":35,"stat.fallOneCm":458873,"stat.useItem.minecraft.trapped_chest":3,"stat.craftItem.minecraft.lever":1,"stat.useItem.minecraft.piston":1,"stat.crouchOneCm":426619,"stat.useItem.minecraft.stone_button":53,"stat.useItem.minecraft.light_weighted_pressure_plate":11,"stat.drop.minecraft.glowstone":1,"stat.craftItem.minecraft.hopper":1,"stat.useItem.minecraft.dispenser":5,"stat.dropperInspected":70,"stat.useItem.minecraft.glass":1,"stat.boatOneCm":14805,"stat.useItem.minecraft.redstone_lamp":5,"stat.brewingstandInteraction":4,"stat.damageTaken":3238,"stat.useItem.minecraft.red_shulker_box":2,"stat.dispenserInspected":11,"stat.useItem.minecraft.gold_block":43,"stat.drop.minecraft.concrete":3,"stat.craftItem.minecraft.comparator":2,"stat.useItem.minecraft.slime":44,"stat.pickup.minecraft.concrete":3,"stat.useItem.minecraft.birch_fence":1,"stat.pickup.minecraft.stained_glass":1,"stat.damageDealt":1175,"stat.useItem.minecraft.wool":68,"stat.killEntity.Pig":1,"stat.craftItem.minecraft.stone_slab":21,"stat.useItem.minecraft.command_block":588,"stat.walkOneCm":3301358,"stat.useItem.minecraft.torch":2,"stat.useItem.minecraft.chest":4,"stat.craftItem.minecraft.redstone_block":78,"stat.useItem.minecraft.observer":12,"stat.useItem.minecraft.comparator":12,"stat.useItem.minecraft.tnt":2,"stat.useItem.minecraft.lava_bucket":32,"stat.minecartOneCm":9967,"stat.useItem.minecraft.redstone_block":139,"stat.shulkerBoxOpened":29,"stat.useItem.minecraft.spruce_stairs":2,"stat.drop.minecraft.slime":1,"stat.useItem.minecraft.stained_hardened_clay":852,"stat.craftItem.minecraft.redstone":10,"stat.useItem.minecraft.leaves":5,"stat.useItem.minecraft.concrete":564,"stat.craftItem.minecraft.stained_glass_pane":17,"stat.useItem.minecraft.barrier":56,"stat.craftItem.minecraft.snow":43,"stat.useItem.minecraft.iron_block":452,"stat.mobKills":4,"stat.useItem.minecraft.writable_book":1,"stat.sneakTime":118213,"stat.drop.minecraft.quartz_block":1,"stat.craftItem.minecraft.coal_block":8,"stat.drop.minecraft.sea_lantern":1,"stat.useItem.minecraft.purpur_slab":2,"stat.useItem.minecraft.sandstone":54}