{"stat.useItem.minecraft.bow":18,"stat.useItem.minecraft.chain_command_block":252,"stat.useItem.minecraft.quartz_block":6006,"stat.useItem.minecraft.painting":243,"stat.leaveGame":176,"stat.useItem.minecraft.bookshelf":271,"stat.pickup.minecraft.record_stal":8,"stat.drop.minecraft.redstone":1,"stat.useItem.minecraft.lead":3,"stat.useItem.minecraft.repeating_command_block":66,"stat.useItem.minecraft.glowstone":7,"stat.useItem.minecraft.planks":896,"stat.useItem.minecraft.nether_brick_stairs":39,"stat.pickup.minecraft.blaze_powder":64,"stat.useItem.minecraft.red_sandstone_stairs":4,"stat.useItem.minecraft.water_bucket":123,"stat.pickup.minecraft.splash_potion":1,"stat.useItem.minecraft.activator_rail":24,"stat.craftItem.minecraft.stone_axe":1,"stat.useItem.minecraft.purpur_stairs":9,"stat.pickup.minecraft.bucket":2,"stat.useItem.minecraft.rail":846,"stat.useItem.minecraft.record_cat":1,"stat.drop.minecraft.splash_potion":1,"stat.useItem.minecraft.anvil":23,"stat.useItem.minecraft.record_strad":1,"stat.killEntity.MushroomCow":1,"stat.killEntity.Villager":45,"stat.craftItem.minecraft.slime":7,"stat.hopperInspected":84,"stat.pickup.minecraft.stained_hardened_clay":6,"stat.useItem.minecraft.spawn_egg":17,"stat.drop.minecraft.ender_eye":1,"stat.trappedChestTriggered":6,"stat.useItem.minecraft.oak_stairs":76,"stat.furnaceInteraction":8,"stat.drop.minecraft.gravel":1,"stat.useItem.minecraft.dark_oak_stairs":17,"stat.drop.minecraft.stone_slab":3,"stat.useItem.minecraft.double_plant":11,"stat.useItem.minecraft.minecart":42,"stat.pickup.minecraft.furnace":1,"stat.useItem.minecraft.redstone":209,"stat.drop.minecraft.stained_hardened_clay":8,"stat.useItem.minecraft.red_sandstone":10,"stat.useItem.minecraft.trapdoor":44,"stat.useItem.minecraft.stained_glass":1177,"stat.useItem.minecraft.fence":483,"stat.drop.minecraft.stone_pressure_plate":1,"stat.pickup.minecraft.skull":1,"stat.drop.minecraft.lead":2,"stat.useItem.minecraft.dark_oak_door":7,"stat.useItem.minecraft.acacia_fence":3,"stat.useItem.minecraft.ice":15,"stat.pickup.minecraft.potion":12,"stat.useItem.minecraft.cauldron":4,"stat.useItem.minecraft.flint_and_steel":5,"stat.useItem.minecraft.wooden_button":39,"stat.useItem.minecraft.lingering_potion":197,"stat.useItem.minecraft.hopper":11,"stat.drop.minecraft.snowball":8,"stat.deaths":105,"stat.useItem.minecraft.furnace_minecart":12,"stat.drop.minecraft.chain_command_block":2,"stat.playOneMinute":7353023,"stat.useItem.minecraft.jungle_stairs":14,"stat.pickup.minecraft.item_frame":2,"stat.drop.minecraft.glass_bottle":17,"stat.useItem.minecraft.jukebox":25,"stat.chestOpened":40,"stat.useItem.minecraft.splash_potion":181,"stat.recordPlayed":22,"stat.useItem.minecraft.stone":623,"stat.useItem.minecraft.jungle_fence":4,"stat.useItem.minecraft.ender_chest":9,"stat.useItem.minecraft.white_shulker_box":1,"stat.drop.minecraft.flint":1,"stat.useItem.minecraft.clay":30,"stat.useItem.minecraft.packed_ice":130,"stat.fallOneCm":1701330,"stat.drop.minecraft.stone":12,"stat.crouchOneCm":528591,"stat.useItem.minecraft.nether_brick_fence":1,"stat.drop.minecraft.slime_ball":1,"stat.craftingTableInteraction":2,"stat.dropperInspected":113,"stat.useItem.minecraft.golden_rail":65,"stat.useItem.minecraft.dark_oak_fence":3,"stat.useItem.minecraft.furnace":9,"stat.drop.minecraft.concrete":1,"stat.mineBlock.minecraft.snow":8532,"stat.useItem.minecraft.record_chirp":1,"stat.drop.minecraft.snow":1,"stat.pickup.minecraft.lead":185,"stat.useItem.minecraft.wool":789,"stat.flowerPotted":59,"stat.useItem.minecraft.iron_bars":19,"stat.useItem.minecraft.bone_block":115,"stat.drop.minecraft.paper":11,"stat.useItem.minecraft.torch":8,"stat.drop.minecraft.light_blue_shulker_box":1,"stat.useItem.minecraft.log":340,"stat.useItem.minecraft.comparator":10,"stat.pickup.minecraft.light_blue_shulker_box":1,"stat.useItem.minecraft.cobblestone":15,"stat.useItem.minecraft.gravel":77,"stat.useItem.minecraft.record_far":1,"stat.minecartOneCm":18998,"stat.pickup.minecraft.redstone_block":1,"stat.drop.minecraft.sign":3,"stat.drop.minecraft.iron_door":1,"stat.pickup.minecraft.hopper":1,"stat.useItem.minecraft.birch_door":2,"stat.useItem.minecraft.record_mellohi":1,"stat.useItem.minecraft.barrier":538,"stat.useItem.minecraft.jungle_door":3,"stat.drop.minecraft.comparator":1,"stat.useItem.minecraft.wooden_pressure_plate":3,"stat.useItem.minecraft.stonebrick":136,"stat.useItem.minecraft.green_glazed_terracotta":6,"stat.useItem.minecraft.wooden_door":9,"stat.useItem.minecraft.spruce_door":3,"stat.pickup.minecraft.iron_door":1,"stat.sneakTime":200801,"stat.drop.minecraft.sea_lantern":1,"stat.useItem.minecraft.brewing_stand":4,"stat.pickup.minecraft.stone_slab":1,"stat.useItem.minecraft.record_blocks":1,"stat.useItem.minecraft.lapis_block":257,"stat.useItem.minecraft.record_ward":1,"stat.useItem.minecraft.repeater":45,"stat.useItem.minecraft.log2":2,"stat.useItem.minecraft.beacon":1,"stat.useItem.minecraft.skull":44,"stat.useItem.minecraft.diamond_sword":300,"stat.swimOneCm":119698,"stat.useItem.minecraft.snow":332,"stat.useItem.minecraft.concrete_powder":67,"stat.climbOneCm":322221,"stat.pickup.minecraft.enchanted_book":1175,"stat.useItem.minecraft.end_rod":91,"stat.useItem.minecraft.coal_block":333,"stat.enderchestOpened":9,"stat.useItem.minecraft.redstone_torch":25,"stat.useItem.minecraft.obsidian":35,"stat.useItem.minecraft.dirt":153,"stat.useItem.minecraft.red_flower":18,"stat.useItem.minecraft.detector_rail":20,"stat.pickup.minecraft.cobblestone":74,"stat.pickup.minecraft.gold_block":1,"stat.flyOneCm":48765947,"stat.pickup.minecraft.glass_bottle":4,"stat.pickup.minecraft.redstone":1,"stat.timeSinceDeath":1384214,"stat.useItem.minecraft.sign":450,"stat.cauldronFilled":6,"stat.useItem.minecraft.melon_block":3,"stat.useItem.minecraft.wooden_slab":336,"stat.useItem.minecraft.iron_door":45,"stat.drop.minecraft.repeater":1,"stat.useItem.minecraft.noteblock":4,"stat.useItem.minecraft.brown_shulker_box":5,"stat.useItem.minecraft.lever":41,"stat.drop.minecraft.stained_glass":10,"stat.drop.minecraft.flint_and_steel":28,"stat.pickup.minecraft.carpet":1,"stat.useItem.minecraft.acacia_stairs":38,"stat.pickup.minecraft.diamond_shovel":8,"stat.useItem.minecraft.armor_stand":3,"stat.talkedToVillager":428,"stat.useItem.minecraft.sea_lantern":336,"stat.useItem.minecraft.spruce_fence":15,"stat.useItem.minecraft.written_book":186,"stat.useItem.minecraft.dropper":20,"stat.useItem.minecraft.diamond_shovel":8532,"stat.sprintOneCm":9750814,"stat.pickup.minecraft.paper":18,"stat.useItem.minecraft.diamond_block":21,"stat.drop.minecraft.potion":9,"stat.useItem.minecraft.stone_slab":2126,"stat.pickup.minecraft.speckled_melon":1,"stat.useItem.minecraft.bed":259,"stat.useItem.minecraft.snowball":5384,"stat.useItem.minecraft.stone_pressure_plate":39,"stat.useItem.minecraft.structure_block":110,"stat.useItem.minecraft.ender_eye":1,"stat.drop.minecraft.lava_bucket":3,"stat.drop":394,"stat.useItem.minecraft.cake":19,"stat.useItem.minecraft.wooden_sword":6,"stat.pickup.minecraft.stone_button":1,"stat.useItem.minecraft.banner":701,"stat.useItem.minecraft.ladder":95,"stat.pickup.minecraft.slime_ball":14,"stat.pickup.minecraft.iron_block":1,"stat.killEntity.Zombie":10,"stat.pickup.minecraft.snowball":1,"stat.useItem.minecraft.birch_stairs":9,"stat.diveOneCm":133494,"stat.useItem.minecraft.structure_void":109,"stat.useItem.minecraft.sticky_piston":7,"stat.useItem.minecraft.record_wait":2,"stat.pickup.minecraft.sign":2,"stat.useItem.minecraft.quartz_stairs":594,"stat.pickup.minecraft.gravel":1,"stat.killEntity.Slime":84,"stat.drop.minecraft.ladder":1,"stat.useItem.minecraft.lime_shulker_box":1,"stat.useItem.minecraft.tnt_minecart":9,"stat.useItem.minecraft.carpet":399,"stat.useItem.minecraft.heavy_weighted_pressure_plate":41,"stat.useItem.minecraft.potion":66,"stat.useItem.minecraft.stained_glass_pane":178,"stat.pickup.minecraft.diamond_sword":1,"stat.useItem.minecraft.flower_pot":35,"stat.jump":65488,"stat.useItem.minecraft.iron_trapdoor":11,"stat.useItem.minecraft.sand":585,"stat.useItem.minecraft.piston":2,"stat.useItem.minecraft.stone_axe":1,"stat.drop.minecraft.diamond_sword":1,"stat.useItem.minecraft.stone_button":163,"stat.drop.minecraft.iron_shovel":1,"stat.useItem.minecraft.light_weighted_pressure_plate":19,"stat.useItem.minecraft.dispenser":25,"stat.useItem.minecraft.glass":2,"stat.boatOneCm":11953,"stat.pickup.minecraft.command_block":5,"stat.useItem.minecraft.redstone_lamp":13,"stat.drop.minecraft.gold_block":2,"stat.brewingstandInteraction":97,"stat.damageTaken":22740,"stat.useItem.minecraft.stone_brick_stairs":31,"stat.pickup.minecraft.written_book":113,"stat.mineBlock.minecraft.melon_block":1,"stat.dispenserInspected":109,"stat.useItem.minecraft.gold_block":129,"stat.drop.minecraft.stone_button":25,"stat.tradedWithVillager":8,"stat.useItem.minecraft.acacia_door":4,"stat.drop.minecraft.water_bucket":2,"stat.useItem.minecraft.carrot_on_a_stick":63,"stat.noteblockTuned":17,"stat.pickup.minecraft.ender_eye":1,"stat.useItem.minecraft.slime":427,"stat.pickup.minecraft.concrete":1,"stat.useItem.minecraft.end_portal_frame":6,"stat.useItem.minecraft.birch_fence":27,"stat.pickup.minecraft.quartz_block":3,"stat.killEntity.Shulker":7,"stat.useItem.minecraft.magma":28,"stat.pickup.minecraft.stained_glass":10,"stat.damageDealt":19745,"stat.useItem.minecraft.snow_layer":71,"stat.useItem.minecraft.crafting_table":6,"stat.pickup.minecraft.minecart":3,"stat.killEntity.Pig":13,"stat.useItem.minecraft.command_block":703,"stat.walkOneCm":9262410,"stat.useItem.minecraft.chest":11,"stat.drop.minecraft.item_frame":2,"stat.pickup.minecraft.stick":1,"stat.useItem.minecraft.pumpkin":9,"stat.useItem.minecraft.tnt":5,"stat.useItem.minecraft.emerald_block":30,"stat.useItem.minecraft.lava_bucket":179,"stat.useItem.minecraft.redstone_block":907,"stat.useItem.minecraft.item_frame":133,"stat.useItem.minecraft.spruce_stairs":112,"stat.pickup.minecraft.stone":7,"stat.shulkerBoxOpened":6,"stat.useItem.minecraft.stained_hardened_clay":3838,"stat.useItem.minecraft.leaves":289,"stat.drop.minecraft.command_block":9,"stat.useItem.minecraft.record_mall":1,"stat.useItem.minecraft.concrete":1142,"stat.useItem.minecraft.prismarine":1,"stat.useItem.minecraft.tripwire_hook":2,"stat.useItem.minecraft.iron_block":1103,"stat.mobKills":176,"stat.drop.minecraft.repeating_command_block":2,"stat.drop.minecraft.written_book":215,"stat.useItem.minecraft.boat":1,"stat.pickup.minecraft.water_bucket":1,"stat.useItem.minecraft.hopper_minecart":3,"stat.useItem.minecraft.writable_book":71,"stat.drop.minecraft.quartz_block":6,"stat.drop.minecraft.diamond_shovel":12,"stat.pickup.minecraft.lava_bucket":1,"stat.useItem.minecraft.purpur_slab":6,"stat.useItem.minecraft.record_stal":12,"stat.useItem.minecraft.sandstone":6}