{"stat.useItem.minecraft.lapis_block":6,"stat.useItem.minecraft.chain_command_block":5,"stat.useItem.minecraft.quartz_block":647,"stat.leaveGame":37,"stat.useItem.minecraft.log2":908,"stat.useItem.minecraft.skull":7,"stat.useItem.minecraft.repeating_command_block":6,"stat.useItem.minecraft.diamond_sword":23,"stat.useItem.minecraft.glowstone":28,"stat.swimOneCm":10582,"stat.drop.minecraft.skull":6,"stat.useItem.minecraft.concrete_powder":1,"stat.climbOneCm":28458,"stat.useItem.minecraft.planks":1,"stat.useItem.minecraft.end_rod":34,"stat.useItem.minecraft.coal_block":11,"stat.useItem.minecraft.dirt":427,"stat.useItem.minecraft.water_bucket":36,"stat.useItem.minecraft.vine":48,"stat.useItem.minecraft.detector_rail":1,"stat.useItem.minecraft.rail":56,"stat.aviateOneCm":22485,"stat.useItem.minecraft.anvil":3,"stat.flyOneCm":9966427,"stat.useItem.minecraft.brown_mushroom":7,"stat.useItem.minecraft.red_mushroom":5,"stat.killEntity.Villager":1,"stat.timeSinceDeath":214780,"stat.hopperInspected":4,"stat.useItem.minecraft.sign":35,"stat.useItem.minecraft.spawn_egg":7,"stat.useItem.minecraft.wooden_slab":4,"stat.useItem.minecraft.noteblock":11,"stat.useItem.minecraft.lever":1,"stat.useItem.minecraft.dark_oak_stairs":7,"stat.useItem.minecraft.command_block_minecart":1,"stat.talkedToVillager":32,"stat.useItem.minecraft.sea_lantern":6,"stat.useItem.minecraft.spruce_fence":33,"stat.useItem.minecraft.written_book":1,"stat.useItem.minecraft.dropper":1,"stat.useItem.minecraft.trapdoor":13,"stat.sprintOneCm":1535459,"stat.useItem.minecraft.stained_glass":48,"stat.useItem.minecraft.diamond_block":1,"stat.pickup.minecraft.paper":1,"stat.pickup.minecraft.skull":9,"stat.drop.minecraft.potion":14,"stat.useItem.minecraft.stone_slab":93,"stat.pickup.minecraft.potion":3,"stat.useItem.minecraft.snowball":1832,"stat.useItem.minecraft.flint_and_steel":4,"stat.useItem.minecraft.stone_pressure_plate":3,"stat.useItem.minecraft.structure_block":37,"stat.useItem.minecraft.lingering_potion":70,"stat.drop.minecraft.snowball":4,"stat.deaths":9,"stat.drop":28,"stat.playOneMinute":2993401,"stat.pickup.minecraft.stone_button":1,"stat.useItem.minecraft.ladder":3,"stat.drop.minecraft.glass_bottle":3,"stat.diveOneCm":8588,"stat.chestOpened":2,"stat.useItem.minecraft.splash_potion":17,"stat.useItem.minecraft.sticky_piston":3,"stat.useItem.minecraft.stone":586,"stat.useItem.minecraft.quartz_stairs":40,"stat.useItem.minecraft.carpet":11,"stat.useItem.minecraft.potion":3,"stat.useItem.minecraft.clay":29,"stat.useItem.minecraft.packed_ice":2,"stat.jump":10041,"stat.fallOneCm":166204,"stat.crouchOneCm":266177,"stat.useItem.minecraft.mycelium":36,"stat.useItem.minecraft.stone_button":56,"stat.useItem.minecraft.light_weighted_pressure_plate":5,"stat.craftingTableInteraction":3,"stat.dropperInspected":29,"stat.boatOneCm":2702,"stat.brewingstandInteraction":4,"stat.damageTaken":220,"stat.useItem.minecraft.dark_oak_fence":2,"stat.dispenserInspected":20,"stat.useItem.minecraft.gold_block":14,"stat.drop.minecraft.stone_button":1,"stat.useItem.minecraft.slime":17,"stat.useItem.minecraft.purple_shulker_box":6,"stat.pickup.minecraft.lead":4,"stat.damageDealt":511,"stat.killEntity.Cow":2,"stat.useItem.minecraft.command_block":42,"stat.walkOneCm":2296098,"stat.useItem.minecraft.torch":8,"stat.useItem.minecraft.log":5,"stat.useItem.minecraft.lava_bucket":1,"stat.minecartOneCm":10743,"stat.useItem.minecraft.redstone_block":12,"stat.useItem.minecraft.item_frame":2,"stat.shulkerBoxOpened":22,"stat.useItem.minecraft.spruce_stairs":9,"stat.useItem.minecraft.stained_hardened_clay":211,"stat.useItem.minecraft.leaves":654,"stat.useItem.minecraft.concrete":86,"stat.useItem.minecraft.barrier":24,"stat.useItem.minecraft.iron_block":118,"stat.mobKills":4,"stat.useItem.minecraft.boat":1,"stat.sneakTime":94601}